{"Node":0,"PAA":0,"Centroid":0,"Orientation":[0,0,0],"Position":[[0,0,2.5],[0,0,2.5],[0,0,2.5],[0,0,2.5],[0,0,2.5],[0,0,2.5],[0,0,2.5],[0,0,2.5],[0,0,2.5],[0,0,2.5],[0,0,2.5],[0,0,2.5],[0,0,2.5],[0,0,2.5],[0,0,2.5],[0,0,2.5],[0,0,2.5],[0,0,2.5],[0,0,2.5],[0,0,2.5],[0,0,2.5],[0,0,2.5],[0,0,2.5],[0,0,2.5],[0,0,2.5],[0,0,2.5],[0,0,2.5],[0,0,2.5],[0,0,2.5],[0,0,2.5],[0,0,2.5],[0,0,2.5],[0,0,2.5],[0,0,2.5],[0,0,2.5],[0,0,2.5],[0,0,2.5],[0,0,2.5],[0,0,2.5],[0,0,2.5],[0,0,2.5],[0,0,2.5],[0,0,2.5],[0,0,2.5],[0,0,2.5],[0,0,2.5],[0,0,2.5],[0,0,2.5],[0,0,2.5],[0,0,2.5],[0,0,2.5],[0,0,2.5],[0,0,2.5],[0,0,2.5],[0,0,2.5],[0,0,2.5],[0,0,2.5],[0,0,2.5],[0,0,2.5],[0,0,2.5],[0,0,2.5]]}
{"Node":1,"PAA":0,"Centroid":0,"Orientation":[0,0,0],"Position":[[1.113586723,-6.015413239,1.6],[2.451406913,-5.750577412,1.6],[3.451918754,-5.485736058,1.6],[4.482320615,-5.239610042,1.6],[5.440131563,-4.939734933,1.6],[6.676887016,-4.535951232,1.6],[7.703023796,-4.337922777,1.6],[8.686455869,-4.06768124,1.6],[9.685543967,-3.802687312,1.6],[10.90950109,-3.508119414,1.6],[11.92139414,-3.202711214,1.6],[12.92190248,-2.910185441,1.6],[13.94660796,-2.638081329,1.6],[15.02255112,-2.376761045,1.6],[16.01309621,-2.081101835,1.6],[17.01930062,-1.821540451,1.6],[18.0198101,-1.543855434,1.6],[19.02031912,-1.262431863,1.6],[20.05214012,-0.98844543,1.6],[21.08823232,-0.729141304,1.6],[22.13855614,-0.462193556,1.6],[23.21021752,-0.092281591,1.6],[24.27619503,0.191079814,1.6],[25.41190758,0.509704469,1.6],[26.44941918,0.802361387,1.6],[27.56947816,1.098554144,1.6],[28.61979638,1.413322893,1.6],[29.77970305,1.737408105,1.6],[30.98942396,2.05001919,1.6],[32.0653656,2.315001071,1.6],[33.09006637,2.616641922,1.6],[34.30547951,2.935064919,1.6],[35.54223341,3.329773168,1.6],[36.58543846,3.6072537,1.6],[37.74961503,3.924022267,1.6],[38.94368189,4.212410707,1.6],[40.01535248,4.486840117,1.6],[41.08417727,4.749733621,1.6],[42.17435377,4.98304581,1.6],[43.30863935,5.321889172,1.6],[44.5155124,5.64052761,1.6],[45.66118681,5.95170262,1.6],[46.75420384,6.234799159,1.6],[47.81875697,6.510630659,1.6],[48.95019447,6.86262352,1.6],[50.05744278,7.157076144,1.6],[51.12483737,7.477356707,1.6],[52.18796589,7.766370675,1.6],[53.31086023,8.141964329,1.6],[54.49639001,8.399229975,1.6],[55.57375104,8.682567253,1.6],[56.7735117,8.956755267,1.6],[57.87507429,9.177057412,1.6],[58.96097671,9.441974827,1.6],[60.06538746,9.649528429,1.6],[61.25519013,9.881287338,1.6],[62.2699362,10.09051399,1.6],[63.3458756,10.33981957,1.6],[64.31506084,10.71425076,1.6],[65.26571778,11.31780035,1.6],[66.17790905,12.26942561,1.6]]}
