{"TX":0,"PAA_TX":0,"RX":1,"PAA_RX":0,"Rorder":0,"MPC":[[8.39,15.4,2.19,7.92,4.4,2.19]]}
{"TX":0,"PAA_TX":0,"RX":1,"PAA_RX":0,"Rorder":1,"MPC":[[[7.92,4.4,2.19,6.5399,9.0997399541824038,2.19,8.39,15.4,2.19],[7.92,4.4,2.19,8.3145679012345681,18,2.19,8.39,15.4,2.19],[7.92,4.4,2.19,18.000099999999996,10.031283582695961,2.19,8.39,15.4,2.19],[7.92,4.4,2.19,8.02447872275968,-0.0026000000000001577,2.19,8.39,15.4,2.19],[7.92,4.4,2.19,8.1550000000000011,9.9,2.56,8.39,15.4,2.19],[7.92,4.4,2.19,8.1550000000000011,9.9,1.99,8.39,15.4,2.19]]]}
{"TX":0,"PAA_TX":0,"RX":1,"PAA_RX":0,"Rorder":2,"MPC":[[[7.92,4.4,2.19,6.5399,9.0997399541824038,2.5061643241904523,6.7749000000000006,9.9,2.56,8.39,15.4,2.19],[7.92,4.4,2.19,8.05598495485606,18,2.19,8.23599103928927,-0.0026000000000010459,2.19,8.39,15.4,2.19],[7.92,4.4,2.19,18.0001,12.693344912697686,2.19,11.550155555555556,18,2.19,8.39,15.4,2.19],[7.92,4.4,2.19,8.02447872275968,-0.0026000000000001577,2.0877442287883992,8.1550000000000011,5.497399999999999,1.96,8.39,15.4,2.19],[7.92,4.4,2.19,8.0027516676531274,-0.0026000000000001577,2.19,8.3411301649256959,18,2.19,8.39,15.4,2.19],[7.92,4.4,2.19,12.297036057197097,-0.0026000000000001577,2.19,18.000099999999996,5.73377251018273,2.19,8.39,15.4,2.19],[7.92,4.4,2.19,8.02447872275968,-0.0026000000000001577,2.354498414557793,8.1550000000000011,5.497399999999999,2.56,8.39,15.4,2.19],[7.92,4.4,2.19,9.9999999999766942E-5,12.266582054960821,2.19,5.7723777777777787,18,2.19,8.39,15.4,2.19],[7.92,4.4,2.19,8.155,12.5,2.56,8.3145679012345681,18,2.3087654320987654,8.39,15.4,2.19],[7.92,4.4,2.19,17.76509999999999,9.8999999999999986,2.56,18.000099999999996,10.031283582695961,2.551168195345908,8.39,15.4,2.19],[7.92,4.4,2.19,8.072543859649123,7.9701754385964918,2.56,8.3075438596491225,13.470175438596492,1.99,8.39,15.4,2.19],[7.92,4.4,2.19,8.155,12.500000000000002,1.99,8.3145679012345681,18,2.1258024691358024,8.39,15.4,2.19],[7.92,4.4,2.19,6.5444,11.3181423072147,2.19,7.8730172839506176,18,2.19,8.39,15.4,2.19]]]}
