{"TX":0,"PAA_TX":0,"RX":1,"PAA_RX":0,"Rorder":0,"MPC":[[-0.5,0,-0.5,0.5,0,0.5]]}
{"TX":0,"PAA_TX":0,"RX":1,"PAA_RX":0,"Rorder":1,"MPC":[[[0.5,0,0.5,-2.29396143632375,2.29396143632375,2.29396143632375,-0.5,0,-0.5],[0.5,0,0.5,0.022449852767221168,3.704240909440176,1.4372145246664447,-0.5,0,-0.5],[0.5,0,0.5,-0.022449287763628312,3.7043345144100721,-1.4372497103086013,-0.5,0,-0.5],[0.5,0,0.5,-2.3181796096007115,2.2455250897698278,-2.3181796096007115,-0.5,0,-0.5],[0.5,0,0.5,-3.719299685594831,1.3980667985350612,-0.058778376201741533,-0.5,0,-0.5],[0.5,0,0.5,2.3181796096007115,2.2455250897698273,2.3181796096007115,-0.5,0,-0.5],[0.5,0,0.5,-1.3738082679944132,0,3.7284577285159419,-0.5,0,-0.5],[0.5,0,0.5,-3.719299685594831,-1.3980667985350612,-0.058778376201741533,-0.5,0,-0.5],[0.5,0,0.5,-1.4614714594388165,0,-3.6950834759925391,-0.5,0,-0.5],[0.5,0,0.5,2.2939614363237495,2.2939614363237495,-2.2939614363237495,-0.5,0,-0.5],[0.5,0,0.5,2.3181796096007115,-2.2455250897698273,2.3181796096007115,-0.5,0,-0.5],[0.5,0,0.5,0.022449852767221168,-3.704240909440176,1.4372145246664447,-0.5,0,-0.5],[0.5,0,0.5,-0.022449287763628312,-3.7043345144100721,-1.4372497103086013,-0.5,0,-0.5],[0.5,0,0.5,2.2939614363237495,-2.2939614363237495,-2.2939614363237495,-0.5,0,-0.5],[0.5,0,0.5,3.71929968559483,-1.3980667985350608,0.058778376201741533,-0.5,0,-0.5],[0.5,0,0.5,1.4614368834095544,0,3.6949896381925402,-0.5,0,-0.5],[0.5,0,0.5,-2.29396143632375,-2.29396143632375,2.29396143632375,-0.5,0,-0.5],[0.5,0,0.5,-2.3181796096007115,-2.2455250897698278,-2.3181796096007115,-0.5,0,-0.5],[0.5,0,0.5,1.3738450494048453,0,-3.7285507240123641,-0.5,0,-0.5],[0.5,0,0.5,3.71929968559483,1.3980667985350608,0.058778376201741533,-0.5,0,-0.5]]]}
{"TX":0,"PAA_TX":0,"RX":2,"PAA_RX":0,"Rorder":0,"MPC":[[-0.5,0,-0.5,0,1,0]]}
{"TX":0,"PAA_TX":0,"RX":2,"PAA_RX":0,"Rorder":1,"MPC":[[[0,1,0,-2.3446502836013785,2.6534103585016471,1.8838236668682242,-0.5,0,-0.5],[0,1,0,-0.21131862935973744,3.8556576652253676,1.0407640390876183,-0.5,0,-0.5],[0,1,0,-0.22235228702701121,3.7083947620286213,-1.4266188713925509,-0.5,0,-0.5],[0,1,0,-2.210628102990416,2.460628102990416,-2.210628102990416,-0.5,0,-0.5],[0,1,0,-3.5800607443874566,1.762632434398087,-0.25387131645818423,-0.5,0,-0.5],[0,1,0,2.031852349685269,2.818179609600711,2.031852349685269,-0.5,0,-0.5],[0,1,0,-1.7085552238878621,0.51752820176557024,3.6006074674767832,-0.5,0,-0.5],[0,1,0,-3.8961223141398547,-0.935096788482477,-0.2762840553818669,-0.5,0,-0.5],[0,1,0,-1.5644268568310884,0.45579554325941962,-3.6557616115207323,-0.5,0,-0.5],[0,1,0,1.8838236668682238,2.6534103585016466,-2.3446502836013781,-0.5,0,-0.5],[0,1,0,2.3772947696570821,-2.1272947696570825,2.3772947696570821,-0.5,0,-0.5],[0,1,0,-0.270857250088308,-3.7436627655449319,1.3339973218271437,-0.5,0,-0.5],[0,1,0,-0.28196171259163927,-3.5623229948959176,-1.809074714597066,-0.5,0,-0.5],[0,1,0,2.1824058599135161,-1.9832058974519349,-2.7162725516057953,-0.5,0,-0.5],[0,1,0,3.8491430685082708,-1.058101304370999,-0.24685600921249162,-0.5,0,-0.5],[0,1,0,1.2929063099014961,0.53756357584292547,3.7593566994510232,-0.5,0,-0.5],[0,1,0,-2.7162725516057953,-1.9832058974519349,2.1824058599135161,-0.5,0,-0.5],[0,1,0,-2.5318523496852685,-1.8181796096007106,-2.5318523496852685,-0.5,0,-0.5],[0,1,0,1.1047897964424918,0.48115067706088988,-3.8313112830542924,-0.5,0,-0.5],[0,1,0,3.4995489964476123,1.9734342138975367,-0.22443559096945551,-0.5,0,-0.5]]]}
{"TX":1,"PAA_TX":0,"RX":2,"PAA_RX":0,"Rorder":0,"MPC":[[0.5,0,0.5,0,1,0]]}
{"TX":1,"PAA_TX":0,"RX":2,"PAA_RX":0,"Rorder":1,"MPC":[[[0,1,0,-1.8838236668682238,2.6534103585016466,2.3446502836013781,0.5,0,0.5],[0,1,0,0.2223514779045947,3.7083018210747629,1.4265819471747663,0.5,0,0.5],[0,1,0,0.21131970518703938,3.8557511665489921,-1.0407994961040672,0.5,0,0.5],[0,1,0,-2.031852349685269,2.818179609600711,-2.031852349685269,0.5,0,0.5],[0,1,0,-3.4995489964476123,1.9734342138975367,0.22443559096945551,0.5,0,0.5],[0,1,0,2.210628102990416,2.460628102990416,2.210628102990416,0.5,0,0.5],[0,1,0,-1.1047538208729628,0.4811501847765054,3.8312179797821959,0.5,0,0.5],[0,1,0,-3.8491430685082708,-1.058101304370999,0.24685600921249162,0.5,0,0.5],[0,1,0,-1.292941752813332,0.537562701488542,-3.7594502061616391,0.5,0,0.5],[0,1,0,2.3446502836013785,2.6534103585016471,-1.8838236668682242,0.5,0,0.5],[0,1,0,2.5318523496852685,-1.8181796096007106,2.5318523496852685,0.5,0,0.5],[0,1,0,0.28196244714101859,-3.5622295204333412,1.8090391872510434,0.5,0,0.5],[0,1,0,0.27085678963286747,-3.7437559114849677,-1.3340337093350429,0.5,0,0.5],[0,1,0,2.7162725516057953,-1.9832058974519349,-2.1824058599135161,0.5,0,0.5],[0,1,0,3.8961223141398547,-0.935096788482477,0.2762840553818669,0.5,0,0.5],[0,1,0,1.5643915046831469,0.45579433236087719,3.6556680701445661,0.5,0,0.5],[0,1,0,-2.1824058599135161,-1.9832058974519349,2.7162725516057953,0.5,0,0.5],[0,1,0,-2.3772947696570821,-2.1272947696570825,-2.3772947696570821,0.5,0,0.5],[0,1,0,1.7085911592911873,0.517527776091312,-3.6007007860896003,0.5,0,0.5],[0,1,0,3.5800607443874566,1.762632434398087,0.25387131645818423,0.5,0,0.5]]]}
