{"TX":0,"RX":1,"PAA_TX":0,"PAA_RX":0,"Delay":[[9.58599315E-8,9.75830901E-8,9.59547E-8,9.76761854E-8],[7.32299696E-8,7.54715899E-8,7.33541938E-8,7.55921334E-8],[5.22348209E-8,5.53336257E-8,5.24091419E-8,5.54982122E-8,7.37568371E-8],[3.58702188E-8,4.02492972E-8,4.21423785E-8,3.61240353E-8,4.04756619E-8,4.5927262E-8,4.24138307E-8,1.07038559E-7],[3.22058327E-8,3.7020925E-8,4.85951368E-8,3.24887814E-8,3.72673341E-8,1.14291524E-7,5.19116625E-8,4.88948828E-8,1.06116353E-7],[4.44983819E-8,4.80982258E-8,4.47039525E-8,4.82884737E-8],[6.41509388E-8,6.66984E-8,6.42939568E-8,6.68359661E-8,1.61109895E-7],[8.62724079E-8,8.81831141E-8,9.03851713E-8,8.63789893E-8,8.82873863E-8,9.22107E-8,9.05238124E-8,1.65537884E-7]],"Gain":[[-97.1799622,-102.524628,-104.49411,-109.714043],[-94.8409958,-101.769424,-104.347328,-111.016327],[-91.9064255,-101.505463,-105.481,-114.2855,-129.869293],[-88.6419,-102.465805,-115.785698,-111.538567,-121.463608,-123.75148,-142.28537,-185.483307],[-87.7059097,-103.0653,-128.027191,-117.240631,-124.808403,-146.792404,-130.391724,-165.444763,-199.44603],[-90.5141068,-101.724533,-107.087776,-116.824257],[-93.6912842,-101.56282,-104.653297,-112.129105,-167.085831],[-96.2646637,-102.180733,-106.986641,-104.448601,-110.200783,-112.485825,-117.653839,-154.678009]],"Phase":[[0,3.14159274,3.14159274,6.28318548],[0,3.14159274,3.14159274,6.28318548],[0,3.14159274,3.14159274,6.28318548,6.28318548],[0,3.14159274,3.14159274,3.14159274,6.28318548,6.28318548,6.28318548,6.28318548],[0,3.14159274,3.14159274,3.14159274,6.28318548,6.28318548,6.28318548,6.28318548,6.28318548],[0,3.14159274,3.14159274,6.28318548],[0,3.14159274,3.14159274,6.28318548,6.28318548],[0,3.14159274,3.14159274,3.14159274,6.28318548,6.28318548,6.28318548,6.28318548]],"AODEL":[[96.9905319,102.828468,96.9836,102.816032],[99.1671677,106.683441,99.1515045,106.656067],[102.905891,113.051865,102.862228,112.979576,99.10112],[108.980515,122.568779,106.071655,108.84211,122.364334,118.148636,105.966034,96.2573853],[111.23864,125.820976,103.891197,111.04483,125.548012,95.8588486,114.669014,103.804344,96.3119812],[105.199562,116.773659,105.127991,116.659813],[100.478279,108.956207,100.454712,108.91571,94.1526718],[97.7719498,104.223259,97.416275,97.7623062,104.2061,103.589806,97.4048462,94.0414047]],"AODAZ":[[342.149048,342.149048,17.7890892,17.7890892],[336.206482,336.206482,23.7789154,23.7789154],[325.051,325.051,34.995533,34.995533,313.357849],[300.698212,300.698212,295.11731,59.3290138,59.3290138,295.11731,64.8289413,280.174072],[256.318665,256.318665,261.56076,103.30246,103.30246,259.531128,261.56076,98.1441345,266.948425],[222.782288,222.782288,136.673645,136.673645],[207.539978,207.539978,151.968979,151.968979,248.581268],[199.950653,199.950653,206.414307,159.612534,159.612534,206.414307,153.166901,241.505615]],"AOAEL":[[83.0094681,102.828468,83.0164,102.816032],[80.8328323,106.683441,80.8484955,106.656067],[77.0941086,113.051865,77.1377716,112.979576,80.89888],[71.0194855,122.568779,73.9283447,71.1578903,122.364334,118.148636,74.0339661,83.7426147],[68.7613602,125.820976,76.1088,68.9551697,125.548012,84.1411514,114.669014,76.1956558,83.6880188],[74.8004379,116.773659,74.8720093,116.659813],[79.5217209,108.956207,79.5452881,108.91571,85.8473282],[82.2280502,104.223259,82.583725,82.2376938,104.2061,103.589806,82.5951538,85.9585953]],"AOAAZ":[[162.149033,162.149033,161.970276,161.970276],[156.206497,156.206497,155.980438,155.980438],[145.051,145.051,144.763824,144.763824,310.137695],[120.698212,120.698212,242.934616,120.430344,120.430344,242.934616,243.121521,98.7759628],[76.3186646,76.3186646,279.59671,76.4568939,76.4568939,260.253143,279.59671,279.542236,85.5503311],[42.7822914,42.7822914,43.0857086,43.0857086],[27.5399742,27.5399742,27.7903805,27.7903805,69.796],[19.950655,19.950655,334.422211,20.1468239,20.1468239,334.422211,334.244049,60.4857635]]}
{"TX":1,"RX":0,"PAA_TX":0,"PAA_RX":0,"Delay":[[9.58599315E-8,9.75830901E-8,9.59547E-8,9.76761854E-8],[7.32299696E-8,7.54715899E-8,7.33541938E-8,7.55921334E-8],[5.22348209E-8,5.53336257E-8,5.24091419E-8,5.54982122E-8,7.37568371E-8],[3.58702188E-8,4.02492972E-8,4.21423785E-8,3.61240353E-8,4.04756619E-8,4.5927262E-8,4.24138307E-8,1.07038559E-7],[3.22058327E-8,3.7020925E-8,4.85951368E-8,3.24887814E-8,3.72673341E-8,1.14291524E-7,5.19116625E-8,4.88948828E-8,1.06116353E-7],[4.44983819E-8,4.80982258E-8,4.47039525E-8,4.82884737E-8],[6.41509388E-8,6.66984E-8,6.42939568E-8,6.68359661E-8,1.61109895E-7],[8.62724079E-8,8.81831141E-8,9.03851713E-8,8.63789893E-8,8.82873863E-8,9.22107E-8,9.05238124E-8,1.65537884E-7]],"Gain":[[-97.1799622,-102.524628,-104.49411,-109.714043],[-94.8409958,-101.769424,-104.347328,-111.016327],[-91.9064255,-101.505463,-105.481,-114.2855,-129.869293],[-88.6419,-102.465805,-115.785698,-111.538567,-121.463608,-123.75148,-142.28537,-185.483307],[-87.7059097,-103.0653,-128.027191,-117.240631,-124.808403,-146.792404,-130.391724,-165.444763,-199.44603],[-90.5141068,-101.724533,-107.087776,-116.824257],[-93.6912842,-101.56282,-104.653297,-112.129105,-167.085831],[-96.2646637,-102.180733,-106.986641,-104.448601,-110.200783,-112.485825,-117.653839,-154.678009]],"Phase":[[0,3.14159274,3.14159274,6.28318548],[0,3.14159274,3.14159274,6.28318548],[0,3.14159274,3.14159274,6.28318548,6.28318548],[0,3.14159274,3.14159274,3.14159274,6.28318548,6.28318548,6.28318548,6.28318548],[0,3.14159274,3.14159274,3.14159274,6.28318548,6.28318548,6.28318548,6.28318548,6.28318548],[0,3.14159274,3.14159274,6.28318548],[0,3.14159274,3.14159274,6.28318548,6.28318548],[0,3.14159274,3.14159274,3.14159274,6.28318548,6.28318548,6.28318548,6.28318548]],"AODEL":[[83.0094681,102.828468,83.0164,102.816032],[80.8328323,106.683441,80.8484955,106.656067],[77.0941086,113.051865,77.1377716,112.979576,80.89888],[71.0194855,122.568779,73.9283447,71.1578903,122.364334,118.148636,74.0339661,83.7426147],[68.7613602,125.820976,76.1088,68.9551697,125.548012,84.1411514,114.669014,76.1956558,83.6880188],[74.8004379,116.773659,74.8720093,116.659813],[79.5217209,108.956207,79.5452881,108.91571,85.8473282],[82.2280502,104.223259,82.583725,82.2376938,104.2061,103.589806,82.5951538,85.9585953]],"AODAZ":[[162.149033,162.149033,161.970276,161.970276],[156.206497,156.206497,155.980438,155.980438],[145.051,145.051,144.763824,144.763824,310.137695],[120.698212,120.698212,242.934616,120.430344,120.430344,242.934616,243.121521,98.7759628],[76.3186646,76.3186646,279.59671,76.4568939,76.4568939,260.253143,279.59671,279.542236,85.5503311],[42.7822914,42.7822914,43.0857086,43.0857086],[27.5399742,27.5399742,27.7903805,27.7903805,69.796],[19.950655,19.950655,334.422211,20.1468239,20.1468239,334.422211,334.244049,60.4857635]],"AOAEL":[[96.9905319,102.828468,96.9836,102.816032],[99.1671677,106.683441,99.1515045,106.656067],[102.905891,113.051865,102.862228,112.979576,99.10112],[108.980515,122.568779,106.071655,108.84211,122.364334,118.148636,105.966034,96.2573853],[111.23864,125.820976,103.891197,111.04483,125.548012,95.8588486,114.669014,103.804344,96.3119812],[105.199562,116.773659,105.127991,116.659813],[100.478279,108.956207,100.454712,108.91571,94.1526718],[97.7719498,104.223259,97.416275,97.7623062,104.2061,103.589806,97.4048462,94.0414047]],"AOAAZ":[[342.149048,342.149048,17.7890892,17.7890892],[336.206482,336.206482,23.7789154,23.7789154],[325.051,325.051,34.995533,34.995533,313.357849],[300.698212,300.698212,295.11731,59.3290138,59.3290138,295.11731,64.8289413,280.174072],[256.318665,256.318665,261.56076,103.30246,103.30246,259.531128,261.56076,98.1441345,266.948425],[222.782288,222.782288,136.673645,136.673645],[207.539978,207.539978,151.968979,151.968979,248.581268],[199.950653,199.950653,206.414307,159.612534,159.612534,206.414307,153.166901,241.505615]]}
