{"TX":0,"PAA_TX":0,"RX":1,"PAA_RX":0,"Rorder":0,"MPC":[[2.8,6,2.9,2.5,1.25,0.75]]}
{"TX":0,"PAA_TX":0,"RX":1,"PAA_RX":0,"Rorder":1,"MPC":[[[2.5,1.25,0.75,2.7872340425531914,5.7978723404255312,3,2.8,6,2.9],[2.5,1.25,0.75,0,3.4905660377358489,1.7641509433962264,2.8,6,2.9],[2.5,1.25,0.75,2.5079295154185024,1.3755506607929517,0.69,2.8,6,2.9],[2.5,1.25,0.75,2.5142857142857142,1,0.85238095238095235,2.8,6,2.9]]]}
{"TX":0,"PAA_TX":0,"RX":1,"PAA_RX":0,"Rorder":2,"MPC":[[[2.5,1.25,0.75,0,3.4905660377358489,1.858490566037736,2.5744680851063828,5.7978723404255312,3,2.8,6,2.9],[2.5,1.25,0.75,2.5072874493927126,1.3653846153846154,0.69,2.7878542510121456,5.8076923076923075,3,2.8,6,2.9],[2.5,1.25,0.75,2.3599118942731274,1.3755506607929517,0.69,0,3.4905660377358489,1.7007547169811319,2.8,6,2.9],[2.5,1.25,0.75,2.5079295154185024,1.1112334801762114,0.69,2.5142857142857142,1,0.738095238095238,2.8,6,2.9],[2.5,1.25,0.75,2.5142857142857142,1,0.861904761904762,2.7872340425531914,5.7765957446808507,3,2.8,6,2.9],[2.5,1.25,0.75,2.5574468085106381,3.5,1.1617021276595745,2.6468085106382979,0,1.802127659574468,2.8,6,2.9],[2.5,1.25,0.75,2.8,1.4915254237288134,0.859322033898305,-4.4408920985006262E-16,3.7457627118644066,1.8796610169491523,2.8,6,2.9]]]}
{"TX":0,"PAA_TX":0,"RX":2,"PAA_RX":0,"Rorder":0,"MPC":[[2.8,6,2.9,3.1,1.25,0.75]]}
{"TX":0,"PAA_TX":0,"RX":2,"PAA_RX":0,"Rorder":1,"MPC":[[[3.1,1.25,0.75,2.8127659574468082,5.7978723404255312,3,2.8,6,2.9],[3.1,1.25,0.75,3.0920704845814977,1.3755506607929517,0.69,2.8,6,2.9],[3.1,1.25,0.75,3.0857142857142859,1,0.85238095238095235,2.8,6,2.9]]]}
{"TX":0,"PAA_TX":0,"RX":2,"PAA_RX":0,"Rorder":2,"MPC":[[[3.1,1.25,0.75,25,22.479591836734691,1.8176870748299319,22.399999999999995,25,1.9444444444444444,2.8,6,2.9],[3.1,1.25,0.75,3.0920704845814977,1.1112334801762114,0.69,3.0857142857142859,1,0.738095238095238,2.8,6,2.9],[3.1,1.25,0.75,3.0927125506072874,1.3653846153846154,0.69,2.8121457489878541,5.8076923076923075,3,2.8,6,2.9],[3.1,1.25,0.75,3.0857142857142859,1,0.861904761904762,2.8127659574468082,5.7765957446808507,3,2.8,6,2.9],[3.1,1.25,0.75,4.6,2.0505617977528092,1.1123595505617978,8.8817841970012523E-16,4.5056179775280905,2.2235955056179777,2.8,6,2.9]]]}
{"TX":0,"PAA_TX":0,"RX":3,"PAA_RX":0,"Rorder":0,"MPC":[[2.8,6,2.9,2,6.35,0.75]]}
{"TX":0,"PAA_TX":0,"RX":3,"PAA_RX":0,"Rorder":1,"MPC":[[[2,6.35,0.75,2.7659574468085104,6.0148936170212766,3,2.8,6,2.9],[2,6.35,0.75,2.0211453744493393,6.340748898678414,0.69,2.8,6,2.9]]]}
{"TX":0,"PAA_TX":0,"RX":3,"PAA_RX":0,"Rorder":2,"MPC":[[[2,6.35,0.75,2.2658788774002954,6.2336779911373705,3,2.5388478581979319,6.1142540620384045,0.6899999999999995,2.8,6,2.9],[2,6.35,0.75,2.0194331983805669,6.3414979757085019,0.69,2.7676113360323882,6.01417004048583,3,2.8,6,2.9],[2,6.35,0.75,1.9259911894273127,6.340748898678414,0.69,1,6.225,1.4407142857142856,2.8,6,2.9],[2,6.35,0.75,2.8,6.3062499999999995,1.0187499999999998,0,6.153125,1.9593749999999999,2.8,6,2.9]]]}
{"TX":1,"PAA_TX":0,"RX":2,"PAA_RX":0,"Rorder":0,"MPC":[[]]}
{"TX":1,"PAA_TX":0,"RX":2,"PAA_RX":0,"Rorder":1,"MPC":[[[3.1,1.25,0.75,2.8,1.25,3,2.5,1.25,0.75],[3.1,1.25,0.75,2.8,1.25,0.69,2.5,1.25,0.75],[3.1,1.25,0.75,2.8,1,0.75,2.5,1.25,0.75],[3.1,1.25,0.75,2.8,3.5,0.75,2.5,1.25,0.75]]]}
{"TX":1,"PAA_TX":0,"RX":2,"PAA_RX":0,"Rorder":2,"MPC":[[[3.1,1.25,0.75,2.807792207792208,1.25,3,2.5077922077922077,1.25,0.6899999999999995,2.5,1.25,0.75],[3.1,1.25,0.75,3.0922077922077924,1.25,0.69,2.7922077922077921,1.25,3,2.5,1.25,0.75]]]}
{"TX":1,"PAA_TX":0,"RX":3,"PAA_RX":0,"Rorder":0,"MPC":[[]]}
{"TX":1,"PAA_TX":0,"RX":3,"PAA_RX":0,"Rorder":1,"MPC":[[]]}
{"TX":1,"PAA_TX":0,"RX":3,"PAA_RX":0,"Rorder":2,"MPC":[[]]}
{"TX":2,"PAA_TX":0,"RX":3,"PAA_RX":0,"Rorder":0,"MPC":[[]]}
{"TX":2,"PAA_TX":0,"RX":3,"PAA_RX":0,"Rorder":1,"MPC":[[]]}
{"TX":2,"PAA_TX":0,"RX":3,"PAA_RX":0,"Rorder":2,"MPC":[[]]}
