{"TX":0,"PAA_TX":0,"RX":1,"PAA_RX":0,"Rorder":0,"MPC":[[1.5,0.5,2.7,1.35,3,1]]}
{"TX":0,"PAA_TX":0,"RX":1,"PAA_RX":0,"Rorder":1,"MPC":[[[1.35,3,1,1.4804347826086957,0.8260869565217388,3,1.5,0.5,2.7],[1.35,3,1,1.3909090909090909,4.5,1.4636363636363636,1.5,0.5,2.7],[1.35,3,1,1.3541666666666667,2.9305555555555554,0.95,1.5,0.5,2.7],[1.35,3,1,1.4785714285714286,0,2.4571428571428573,1.5,0.5,2.7],[1.35,3,1,3,1.6904761904761905,1.8904761904761906,1.5,0.5,2.7],[1.35,3,1,0,1.8157894736842104,1.8052631578947369,1.5,0.5,2.7]]]}
{"TX":0,"PAA_TX":0,"RX":1,"PAA_RX":0,"Rorder":2,"MPC":[[[1.35,3,1,1.4017241379310346,2.1379310344827585,3,1.4547413793103448,1.2543103448275863,0.95000000000000018,1.5,0.5,2.7],[1.35,3,1,1.3891304347826088,0,1.4434782608695653,1.4478260869565218,4.5,2.1086956521739131,1.5,0.5,2.7],[1.35,3,1,1.3909090909090909,4.5,1.6272727272727272,1.4804347826086957,1.2173913043478253,3,1.5,0.5,2.7],[1.35,3,1,1.3846153846153846,4.5,1.3923076923076922,1.4884615384615385,0,2.5692307692307694,1.5,0.5,2.7],[1.35,3,1,0.57272727272727286,4.5,1.4636363636363636,0,3.3947368421052628,1.8052631578947369,1.5,0.5,2.7],[1.35,3,1,2.209090909090909,4.5,1.4636363636363638,3,3.1190476190476191,1.8904761904761906,1.5,0.5,2.7],[1.35,3,1,1.3531250000000001,2.9479166666666665,0.95,1.48125,0.8125,3,1.5,0.5,2.7],[1.35,3,1,1.3541666666666667,3.1527777777777777,0.95,1.3909090909090909,4.5,1.3909090909090909,1.5,0.5,2.7],[1.35,3,1,1.3541666666666667,2.9027777777777777,0.95,1.4785714285714286,0,2.4428571428571431,1.5,0.5,2.7],[1.35,3,1,1.4375000000000002,2.9305555555555554,0.95,3,1.6904761904761905,1.842857142857143,1.5,0.5,2.7],[1.35,3,1,1.2708333333333335,2.9305555555555554,0.95,0,1.8157894736842104,1.7526315789473685,1.5,0.5,2.7],[1.35,3,1,1.4785714285714286,0,2.9714285714285715,1.4804347826086957,0.04347826086956541,3,1.5,0.5,2.7],[1.35,3,1,3,2.3292682926829267,1.45609756097561,0,1.1097560975609757,2.2853658536585368,1.5,0.5,2.7],[1.35,3,1,3,1.6904761904761902,2.2047619047619049,1.910869565217391,0.8260869565217388,3,1.5,0.5,2.7],[1.35,3,1,3,1.1666666666666665,1.8904761904761906,1.9500000000000002,0,2.4571428571428573,1.5,0.5,2.7],[1.35,3,1,0,2.4230769230769229,1.3923076923076922,3,1.141025641025641,2.2641025641025641,1.5,0.5,2.7],[1.35,3,1,0,1.8157894736842106,2.0894736842105264,1.1282608695652177,0.8260869565217388,3,1.5,0.5,2.7],[1.35,3,1,0,1.3421052631578947,1.8052631578947369,1.0928571428571425,0,2.4571428571428573,1.5,0.5,2.7]]]}
{"TX":0,"PAA_TX":0,"RX":2,"PAA_RX":0,"Rorder":0,"MPC":[[1.5,0.5,2.7,1.25,1.4,1]]}
{"TX":0,"PAA_TX":0,"RX":2,"PAA_RX":0,"Rorder":1,"MPC":[[[1.25,1.4,1,1.4673913043478262,0.617391304347826,3,1.5,0.5,2.7],[1.25,1.4,1,1.3591549295774648,4.5,1.7422535211267607,1.5,0.5,2.7],[1.25,1.4,1,1.2569444444444444,1.375,0.95,1.5,0.5,2.7],[1.25,1.4,1,1.4342105263157894,0,2.2526315789473683,1.5,0.5,2.7],[1.25,1.4,1,3,0.91538461538461535,1.9153846153846155,1.5,0.5,2.7],[1.25,1.4,1,0,0.99090909090909085,1.7727272727272729,1.5,0.5,2.7]]]}
{"TX":0,"PAA_TX":0,"RX":2,"PAA_RX":0,"Rorder":2,"MPC":[[[1.25,1.4,1,1.3257575757575757,1.1272727272727272,3,1.418560606060606,0.79318181818181821,0.54999999999999982,1.5,0.5,2.7],[1.25,1.4,1,1.2853535353535355,0,1.2404040404040404,1.398989898989899,4.4999999999999991,2.0131313131313133,1.5,0.5,2.7],[1.25,1.4,1,1.345679012345679,4.5,1.6506172839506172,1.4845679012345678,0,2.5950617283950619,1.5,0.5,2.7],[1.25,1.4,1,1.3591549295774648,4.5,2.0042253521126758,1.4673913043478262,1.4260869565217389,3,1.5,0.5,2.7],[1.25,1.4,1,1.2552083333333333,1.3812499999999999,0.95,1.46875,0.6125,3,1.5,0.5,2.7],[1.25,1.4,1,1.2569444444444444,1.5972222222222223,0.95,1.3591549295774648,4.5,1.6859154929577465,1.5,0.5,2.7],[1.25,1.4,1,1.2569444444444444,1.3472222222222221,0.95,1.4342105263157894,0,2.2263157894736842,1.5,0.5,2.7],[1.25,1.4,1,1.3402777777777779,1.375,0.95,3,0.91538461538461535,1.8692307692307693,1.5,0.5,2.7],[1.25,1.4,1,1.1736111111111112,1.375,0.95,0,0.99090909090909085,1.7181818181818183,1.5,0.5,2.7],[1.25,1.4,1,0.049295774647887258,4.5,1.7422535211267607,0,4.372727272727273,1.7727272727272729,1.5,0.5,2.7],[1.25,1.4,1,2.669014084507042,4.5,1.7422535211267607,3,3.7769230769230768,1.9153846153846155,1.5,0.5,2.7],[1.25,1.4,1,1.4342105263157896,0,2.6947368421052631,1.4673913043478262,0.25217391304347836,3,1.5,0.5,2.7],[1.25,1.4,1,3,0.91538461538461524,2.2384615384615385,1.9239130434782608,0.617391304347826,3,1.5,0.5,2.7],[1.25,1.4,1,3,0.37692307692307669,1.9153846153846152,2.3552631578947372,0,2.2526315789473683,1.5,0.5,2.7],[1.25,1.4,1,3,1.148,1.476,0,0.716,2.2920000000000003,1.5,0.5,2.7],[1.25,1.4,1,0,0.990909090909091,2.045454545454545,1.1413043478260874,0.617391304347826,3,1.5,0.5,2.7],[1.25,1.4,1,0,0.53636363636363626,1.7727272727272727,0.77631578947368407,0,2.2526315789473683,1.5,0.5,2.7],[1.25,1.4,1,0,1.2043478260869565,1.3695652173913044,3,0.73478260869565215,2.2565217391304349,1.5,0.5,2.7]]]}
{"TX":1,"PAA_TX":0,"RX":2,"PAA_RX":0,"Rorder":0,"MPC":[[1.35,3,1,1.25,1.4,1]]}
{"TX":1,"PAA_TX":0,"RX":2,"PAA_RX":0,"Rorder":1,"MPC":[[[1.25,1.4,1,1.3,2.2,3,1.35,3,1],[1.25,1.4,1,1.3,2.2,0.95,1.35,3,1],[1.25,1.4,1,3,2.223529411764706,1,1.35,3,1],[1.25,1.4,1,0,2.1692307692307691,1,1.35,3,1],[1.25,1.4,1,1.2771428571428571,0.44999999999999996,1,1.35,3,1],[1.25,1.4,1,1.3216216216216217,4.05,1,1.35,3,1]]]}
{"TX":1,"PAA_TX":0,"RX":2,"PAA_RX":0,"Rorder":2,"MPC":[[[1.25,1.4,1,1.3,3.7,3,1.3173913043478263,4.5,2.3043478260869565,1.35,3,1],[1.25,1.4,1,1.2987804878048781,2.1804878048780489,3,1.3487804878048781,2.9804878048780488,0.95000000000000018,1.35,3,1],[1.25,1.4,1,2.9499999999999997,2.2,3,3,2.223529411764706,2.9411764705882351,1.35,3,1],[1.25,1.4,1,1.3,3.25,0.95,1.3216216216216217,4.05,0.97162162162162158,1.35,3,1],[1.25,1.4,1,1.251219512195122,1.4195121951219511,0.95,1.301219512195122,2.2195121951219514,3,1.35,3,1],[1.25,1.4,1,0.42272727272727284,0,1,0,0.71538461538461551,1,1.35,3,1],[1.25,1.4,1,2.3318181818181816,0,1,3,0.86470588235294166,1,1.35,3,1],[1.25,1.4,1,1.2818181818181817,0,2.2727272727272725,1.3,0.80000000000000027,3,1.35,3,1],[1.25,1.4,1,3,3.7676470588235293,1,2.4586956521739132,4.5,1,1.35,3,1],[1.25,1.4,1,0,2.1692307692307695,2.9230769230769229,0.050000000000000044,2.2,3,1.35,3,1],[1.25,1.4,1,1.2771428571428571,0.44999999999999996,0.97285714285714286,1.3,1.25,0.95,1.35,3,1],[1.25,1.4,1,1.2669642857142858,0.44999999999999996,1,1.33125,4.05,1,1.35,3,1],[1.25,1.4,1,2.6,1.8595744680851061,1,0.29999999999999938,2.6425531914893616,1,1.35,3,1],[1.25,1.4,1,1.2801136363636363,4.05,1,1.3210227272727273,0.45000000000000018,1,1.35,3,1]]]}
