{"TX":0,"PAA_TX":0,"RX":1,"PAA_RX":0,"Rorder":0,"MPC":[[-55.57,105.75,5,-28.4,97,1.5],[-55.57,105.75,5,-35.725,97,1.5],[-55.57,105.75,5,-43.05,97,1.5],[-55.57,105.75,5,-50.375,97,1.5],[-55.57,105.75,5,-57.7,97,1.5],[-55.57,105.75,5,-65.025,97,1.5],[-55.57,105.75,5,-72.35,97,1.5],[-55.57,105.75,5,-79.675,97,1.5]]}
{"TX":0,"PAA_TX":0,"RX":1,"PAA_RX":0,"Rorder":1,"MPC":[[[-28.4,97,1.5,-34.67,99.019230769230774,0,-55.57,105.75,5],[-28.4,97,1.5,-55.425097377317343,105.79649270449237,4.9813590382650208,-55.57,105.75,5],[null,null,null,null,null,null,null,null,null]],[[-35.725,97,1.5,-40.304615384615389,99.019230769230774,0,-55.57,105.75,5],[-35.725,97,1.5,-55.464294959869221,105.79657501941573,4.981391615771992,-55.57,105.75,5],[null,null,null,null,null,null,null,null,null]],[[-43.05,97,1.5,-45.939230769230768,99.019230769230774,0,-55.57,105.75,5],[-43.05,97,1.5,-55.50335577568373,105.79665704712893,4.9814240796107505,-55.57,105.75,5],[null,null,null,null,null,null,null,null,null]],[[-50.375,97,1.5,-51.573846153846155,99.019230769230774,0,-55.57,105.75,5],[-50.375,97,1.5,-50.945003708230473,95.884453508390749,1.8609124594677358,-55.57,105.75,5],[-50.375,97,1.5,-55.54228053931628,105.79673878913256,4.9814564303751609,-55.57,105.75,5]],[[-57.7,97,1.5,-57.208461538461542,99.019230769230774,0,-55.57,105.75,5],[-57.7,97,1.5,-57.256972085460156,94.379742556192468,2.1572182466748564,-55.57,105.75,5],[-57.7,97,1.5,-55.581069960353318,105.79682024691674,4.981488668654972,-55.57,105.75,5]],[[-65.025,97,1.5,-62.843076923076929,99.019230769230774,0,-55.57,105.75,5],[-65.025,97,1.5,-55.619724743455279,105.79690142196125,4.9815207950358413,-55.57,105.75,5],[null,null,null,null,null,null,null,null,null]],[[-72.35,97,1.5,-68.477692307692308,99.019230769230774,0,-55.57,105.75,5],[-72.35,97,1.5,-55.658245588399389,105.79698231573563,4.9815528100993482,-55.57,105.75,5],[null,null,null,null,null,null,null,null,null]],[[-79.675,97,1.5,-74.1123076923077,99.019230769230774,0,-55.57,105.75,5],[-79.675,97,1.5,-76.37023816157641,95.418197261420488,1.9769047535109447,-55.57,105.75,5],[-79.675,97,1.5,-55.69663319012178,105.79706292969925,4.9815847144230663,-55.57,105.75,5]]]}
{"TX":0,"PAA_TX":0,"RX":1,"PAA_RX":0,"Rorder":2,"MPC":[[[-28.4,97,1.5,-34.669954643107715,99.0408292893659,0,-55.425097377317343,105.79649270449237,4.96538107106361,-55.57,105.75,5],[null,null,null,null,null,null,null,null,null,null,null,null],[null,null,null,null,null,null,null,null,null,null,null,null],[null,null,null,null,null,null,null,null,null,null,null,null],[null,null,null,null,null,null,null,null,null,null,null,null]],[[-35.725,97,1.5,-40.3045700277231,99.040829289365917,0,-55.464294959869221,105.79657501941573,4.9654415721479843,-55.57,105.75,5],[null,null,null,null,null,null,null,null,null,null,null,null],[null,null,null,null,null,null,null,null,null,null,null,null],[null,null,null,null,null,null,null,null,null,null,null,null],[null,null,null,null,null,null,null,null,null,null,null,null]],[[-43.05,97,1.5,-45.939185412338482,99.0408292893659,0,-55.50335577568373,105.79665704712893,4.9655018621342508,-55.57,105.75,5],[-43.05,97,1.5,-41.866660374264683,95.596614030816468,1.7940679805557076,-43.890356013424366,93.380910045088569,2.2747755845796735,-55.57,105.75,5],[null,null,null,null,null,null,null,null,null,null,null,null],[null,null,null,null,null,null,null,null,null,null,null,null],[null,null,null,null,null,null,null,null,null,null,null,null]],[[-50.375,97,1.5,-51.573800796953869,99.040829289365917,0,-55.54228053931628,105.79673878913256,4.9655619421252988,-55.57,105.75,5],[-50.375,97,1.5,-50.945003708230473,95.884453508390749,0.829734003845632,-51.603269880994048,97.288596370690868,0,-55.57,105.75,5],[-50.375,97,1.5,-50.94046139127272,95.884376281279756,1.8578431272099167,-55.5480295538355,105.79675086206305,4.9852210082005861,-55.57,105.75,5],[-50.375,97,1.5,-51.731793467584374,105.78873676628193,2.4750854013749195,-53.536226848308871,94.417325841416229,3.7375408660995855,-55.57,105.75,5],[null,null,null,null,null,null,null,null,null,null,null,null]],[[-57.7,97,1.5,-57.208416181569255,99.040829289365917,0,-55.581069960353318,105.79682024691674,4.9656218132163774,-55.57,105.75,5],[-57.7,97,1.5,-59.633546970424433,85.74373640466932,2.6719690532567641,-59.480360044210094,84.587425408749965,2.7916596349089025,-55.57,105.75,5],[-57.7,97,1.5,-57.256972085460148,94.379742556192468,0.27945182760383536,-57.167677316269604,94.98159277222905,0,-55.57,105.75,5],[-57.7,97,1.5,-57.259529419461074,94.379716724535882,2.1528470049756439,-55.57669899488517,105.79681106788925,4.9883811565917657,-55.57,105.75,5],[-57.7,97,1.5,-57.015215616381404,105.79983195279441,2.476316380829823,-56.17557147770394,94.390665794654666,3.7417285678568195,-55.57,105.75,5]],[[-65.025,97,1.5,-62.843031566184642,99.0408292893659,0,-55.619724743455279,105.79690142196125,4.965681476495134,-55.57,105.75,5],[null,null,null,null,null,null,null,null,null,null,null,null],[null,null,null,null,null,null,null,null,null,null,null,null],[null,null,null,null,null,null,null,null,null,null,null,null],[null,null,null,null,null,null,null,null,null,null,null,null]],[[-72.35,97,1.5,-68.477646950800022,99.0408292893659,0,-55.658245588399389,105.79698231573563,4.965740933041646,-55.57,105.75,5],[-72.35,97,1.5,-66.709631311709785,112.32677082019747,2.6857606790944728,-60.136958112766195,94.107700792035374,4.0920018258311917,-55.57,105.75,5],[null,null,null,null,null,null,null,null,null,null,null,null],[null,null,null,null,null,null,null,null,null,null,null,null],[null,null,null,null,null,null,null,null,null,null,null,null]],[[-79.675,97,1.5,-74.112262335415409,99.040829289365917,0,-55.69663319012178,105.79706292969925,4.9658001839285513,-55.57,105.75,5],[-79.675,97,1.5,-76.3702381615764,95.418197261420488,0.61431974347967178,-74.094272852230461,96.54870473125564,0,-55.57,105.75,5],[-79.675,97,1.5,-76.396063351075341,95.41800873753715,1.973147472893507,-55.66289512368482,105.79699207975973,4.9864702179538041,-55.57,105.75,5],[-79.675,97,1.5,-70.99074648844757,112.34047038876302,2.7454710806141422,-61.363432738555048,95.077328433390235,4.1420100730051566,-55.57,105.75,5],[null,null,null,null,null,null,null,null,null,null,null,null]]]}
