{"Node":0,"PAA":0,"Centroid":0,"Orientation":[0,0,0],"Position":[[7.7364101886381,6.81778569349443,2.6],[7.38060458219822,6.43431844859561,2.6],[6.97162020322268,6.10816428989402,2.6],[6.51859308691145,5.84660896234153,2.6],[6.03164311043816,5.65549517974851,2.6],[5.52164793161661,5.53909210821205,2.6],[5,5.5,2.6],[4.47835206838339,5.53909210821205,2.6],[3.96835688956184,5.65549517974851,2.6],[3.48140691308855,5.84660896234153,2.6],[3.02837979677732,6.10816428989402,2.6],[2.61939541780178,6.43431844859561,2.6],[2.2635898113619,6.81778569349443,2.6],[1.96891108675447,7.25,2.6],[1.74194187974529,7.72130641471762,2.6],[1.58775230736362,8.2211767311529,2.6],[1.50978670986587,8.73844467244751,2.6],[1.50978670986587,9.26155532755248,2.6],[1.58775230736362,9.7788232688471,2.6],[1.74194187974528,10.2786935852824,2.6],[1.96891108675446,10.75,2.6]]}
{"Node":1,"PAA":0,"Centroid":0,"Orientation":[0,0,0],"Position":[[9,17,1.6],[9,16,1.6],[9,15,1.6],[9,14,1.6],[9,13,1.6],[9,12,1.6],[9,11,1.6],[9,10,1.6],[9,9,1.6],[9,8,1.6],[9,7,1.6],[9,6,1.6],[9,5,1.6],[9,4,1.6],[9,3,1.6],[9,2,1.6],[9,1,1.6],[8,1,1.6],[7,1,1.6],[6,1,1.6],[5,1,1.6]]}
{"Node":2,"PAA":0,"Centroid":0,"Orientation":[0,0,0],"Position":[[1,1,1.6],[1,2,1.6],[1,3,1.6],[1,4,1.6],[1,5,1.6],[1,6,1.6],[1,7,1.6],[1,8,1.6],[1,9,1.6],[1,10,1.6],[1,11,1.6],[1,12,1.6],[1,13,1.6],[1,14,1.6],[1,15,1.6],[1,16,1.6],[1,17,1.6],[2,17,1.6],[3,17,1.6],[4,17,1.6],[5,17,1.6]]}
{"Node":3,"PAA":0,"Centroid":0,"Orientation":[0,0,0],"Position":[[2.2635898113619,11.1822143065056,1.6],[2.61939541780178,11.5656815514044,1.6],[3.02837979677732,11.891835710106,1.6],[3.48140691308855,12.1533910376585,1.6],[3.96835688956183,12.3445048202515,1.6],[4.47835206838339,12.460907891788,1.6],[5,12.5,1.6],[5.52164793161661,12.460907891788,1.6],[6.03164311043816,12.3445048202515,1.6],[6.51859308691145,12.1533910376585,1.6],[6.97162020322268,11.891835710106,1.6],[7.38060458219822,11.5656815514044,1.6],[7.7364101886381,11.1822143065056,1.6],[8.03108891324554,10.75,1.6],[8.25805812025472,10.2786935852824,1.6],[8.41224769263638,9.7788232688471,1.6],[8.49021329013413,9.26155532755248,1.6],[8.49021329013413,8.73844467244752,1.6],[8.41224769263638,8.2211767311529,1.6],[8.25805812025472,7.72130641471762,1.6],[8.03108891324554,7.25,1.6]]}
