{"TX":0,"PAA_TX":0,"RX":1,"PAA_RX":0,"Rorder":0,"MPC":[[8,8,2.5,1.3166597203455,3.67933282566522,1.6]]}
{"TX":0,"PAA_TX":0,"RX":1,"PAA_RX":0,"Rorder":1,"MPC":[[[1.3166597203455,3.67933282566522,1.6,3.4221081772973019,0,1.883526430193164,8,8,2.5],[1.3166597203455,3.67933282566522,1.6,5.2068814749541943,19,2.1238697167352405,8,8,2.5],[1.3166597203455,3.67933282566522,1.6,0,4.2899431306699674,1.7271908370468,8,8,2.5],[1.3166597203455,3.67933282566522,1.6,3.9247925124057934,5.365446844917817,0,8,8,2.5],[1.3166597203455,3.67933282566522,1.6,10,7.1911392764371413,2.3315133700807094,8,8,2.5],[1.3166597203455,3.67933282566522,1.6,6.241226242196185,6.8629823225434787,3,8,8,2.5]]]}
{"TX":0,"PAA_TX":0,"RX":1,"PAA_RX":0,"Rorder":2,"MPC":[[[1.3166597203455,3.67933282566522,1.6,2.0467879982217312,0,1.6983214115386294,5.8171555993479682,19,2.206051184230831,8,8,2.5],[1.3166597203455,3.67933282566522,1.6,3.4221081772973028,0,0.30837959578669794,3.9247925124057934,0.87845559410657392,0,8,8,2.5],[1.3166597203455,3.67933282566522,1.6,4.6822256448224753,-4.4408920985006262E-16,1.883526430193164,10,5.8135428583310205,2.3315133700807094,8,8,2.5],[1.3166597203455,3.67933282566522,1.6,3.4221081772973019,0,2.1985557970744569,6.241226242196185,4.9264913616670487,3,8,8,2.5],[1.3166597203455,3.67933282566522,1.6,3.7361213894069971,19,1.9258124547068425,6.7366285598242959,0,2.3298703569501757,8,8,2.5],[1.3166597203455,3.67933282566522,1.6,7.5351913271108195,19,2.1238697167352405,10,12.927422788256631,2.3315133700807094,8,8,2.5],[1.3166597203455,3.67933282566522,1.6,5.2068814749541952,19,2.7059471797743964,6.241226242196185,14.926491361667047,3,8,8,2.5],[1.3166597203455,3.67933282566522,1.6,0,2.028772694282412,1.7271908370468,1.6183616928033897,0,1.883526430193164,8,8,2.5],[1.3166597203455,3.67933282566522,1.6,0,7.3990524807028564,1.7271908370468,4.1063579336723013,19,2.1238697167352405,8,8,2.5],[1.3166597203455,3.67933282566522,1.6,0,4.2899431306699674,1.0205750756756888,2.3191099266185979,5.365446844917817,0,8,8,2.5],[1.3166597203455,3.67933282566522,1.6,0,4.1065306780496327,1.6889858097448034,10,7.3510884463416053,2.3648309682908009,8,8,2.5],[1.3166597203455,3.67933282566522,1.6,0,4.2899431306699674,1.8685139893210223,5.5482474420143424,6.8629823225434787,3,8,8,2.5],[1.3166597203455,3.67933282566522,1.6,3.9247925124057925,13.950812698576355,0,5.2068814749541943,19,0.78651759846053926,8,8,2.5],[1.3166597203455,3.67933282566522,1.6,5.4857681221618915,5.365446844917817,0,10,7.1911392764371413,1.7324497970343415,8,8,2.5],[1.3166597203455,3.67933282566522,1.6,3.4133939257273038,5.0348362529075033,0,7.3447705608181861,7.5764051789867857,3,8,8,2.5],[1.3166597203455,3.67933282566522,1.6,10,5.0853720590099574,1.8928796083917514,0,6.7046098040044253,2.2301687148407785,8,8,2.5],[1.3166597203455,3.67933282566522,1.6,2.6726997770869927,4.5559899335012624,3,5.578499898675906,6.43454087886421,0,8,8,2.5],[1.3166597203455,3.67933282566522,1.6,9.188594663248816,6.8629823225434787,3,10,7.1911392764371413,2.8556939964962806,8,8,2.5]]]}
{"TX":0,"PAA_TX":0,"RX":2,"PAA_RX":0,"Rorder":0,"MPC":[[8,8,2.5,4.2434886133032,2.86477904519505,1.6]]}
{"TX":0,"PAA_TX":0,"RX":2,"PAA_RX":0,"Rorder":1,"MPC":[[[4.2434886133032,2.86477904519505,1.6,5.233989668030576,-4.4408920985006262E-16,1.8373081983490311,8,8,2.5],[4.2434886133032,2.86477904519505,1.6,6.4771959173471263,19,2.1351605164192717,8,8,2.5],[4.2434886133032,2.86477904519505,1.6,0,4.6446027814489019,1.9119323154205561,8,8,2.5],[4.2434886133032,2.86477904519505,1.6,5.7094442764043905,4.8687677104847875,0,8,8,2.5],[4.2434886133032,2.86477904519505,1.6,10,6.6758941748961078,2.2679369100021978,8,8,2.5],[4.2434886133032,2.86477904519505,1.6,7.0114443719218951,6.648626064525013,3,8,8,2.5]]]}
{"TX":0,"PAA_TX":0,"RX":2,"PAA_RX":0,"Rorder":2,"MPC":[[[4.2434886133032,2.86477904519505,1.6,1.0151772529366889,0,1.8373081983490311,0,0.90086060380542854,1.9119323154205561,8,8,2.5],[4.2434886133032,2.86477904519505,1.6,5.233989668030576,0,0.51892931863219149,5.7094442764043905,1.3751347285396047,0,8,8,2.5],[4.2434886133032,2.86477904519505,1.6,4.570938710833035,0,1.6784518020684063,6.742677527305446,19,2.1987656607584158,8,8,2.5],[4.2434886133032,2.86477904519505,1.6,6.2886927718040475,0,1.8373081983490314,10,5.1985397806985141,2.2679369100021978,8,8,2.5],[4.2434886133032,2.86477904519505,1.6,5.233989668030576,0,2.100983974292399,7.0114443719218951,5.1408476196855144,3,8,8,2.5],[4.2434886133032,2.86477904519505,1.6,5.6486545056281789,19,1.9366552561429931,7.3033050387046456,0,2.333083038857183,8,8,2.5],[4.2434886133032,2.86477904519505,1.6,8.8556871014327783,19,2.1351605164192717,10,14.996759136161288,2.2679369100021978,8,8,2.5],[4.2434886133032,2.86477904519505,1.6,6.4771959173471263,19,2.7297833124406843,7.0114443719218951,15.140847619685513,3,8,8,2.5],[4.2434886133032,2.86477904519505,1.6,0,12.269614936173607,1.9119323154205563,3.036768818995478,19,2.1351605164192717,8,8,2.5],[4.2434886133032,2.86477904519505,1.6,0,4.6446027814489028,0.17897500752857809,0.53445816262,4.8687677104847875,0,8,8,2.5],[4.2434886133032,2.86477904519505,1.6,0,4.2063167017464913,1.8351181967674761,10,7.3677194502910819,2.3891863661279125,8,8,2.5],[4.2434886133032,2.86477904519505,1.6,0,4.6446027814489019,2.2585237769989517,4.7780293122886315,6.648626064525013,3,8,8,2.5],[4.2434886133032,2.86477904519505,1.6,5.7094442764043913,13.454133564143326,0,6.4771959173471263,19,0.83795346368779189,8,8,2.5],[4.2434886133032,2.86477904519505,1.6,7.2704198861604876,4.8687677104847866,-2.2204460492503131E-16,10,6.6758941748961078,1.4428237011211213,8,8,2.5],[4.2434886133032,2.86477904519505,1.6,5.4220019895218048,4.4758287565064077,0,7.6317145699316864,7.4965469652152015,3,8,8,2.5],[4.2434886133032,2.86477904519505,1.6,10,4.1091098064907632,1.8180816940541322,0,6.2707154695514511,2.196925197357392,8,8,2.5],[4.2434886133032,2.86477904519505,1.6,5.0056793294445807,3.9067079345757652,3,6.6389451497475367,6.1394126975344392,0,8,8,2.5],[4.2434886133032,2.86477904519505,1.6,9.9588127929745269,6.6486260645250139,3,10,6.6758941748961078,2.989910967773139,8,8,2.5]]]}
{"TX":1,"PAA_TX":0,"RX":2,"PAA_RX":0,"Rorder":0,"MPC":[[1.3166597203455,3.67933282566522,1.6,4.2434886133032,2.86477904519505,1.6]]}
{"TX":1,"PAA_TX":0,"RX":2,"PAA_RX":0,"Rorder":1,"MPC":[[[4.2434886133032,2.86477904519505,1.6,2.9622271912984424,0,1.6,1.3166597203455,3.67933282566522,1.6],[4.2434886133032,2.86477904519505,1.6,2.7421788842343235,19,1.6,1.3166597203455,3.67933282566522,1.6],[4.2434886133032,2.86477904519505,1.6,0,3.4864440593152706,1.6,1.3166597203455,3.67933282566522,1.6],[4.2434886133032,2.86477904519505,1.6,2.7800741668243503,3.2720559354301351,0,1.3166597203455,3.67933282566522,1.6],[4.2434886133032,2.86477904519505,1.6,10,3.1895045493551826,1.6,1.3166597203455,3.67933282566522,1.6],[4.2434886133032,2.86477904519505,1.6,2.78007416682435,3.2720559354301351,3,1.3166597203455,3.67933282566522,1.6]]]}
{"TX":1,"PAA_TX":0,"RX":2,"PAA_RX":0,"Rorder":2,