{"Node":0,"Position":[[8,8,2.5]],"Rotation":[[0,0,0]]}
{"Node":1,"Position":[[1.3166597203455,3.67933282566522,1.6]],"Rotation":[[0,0,0]]}
{"Node":2,"Position":[[4.2434886133032,2.86477904519505,1.6]],"Rotation":[[0,0,0]]}
