{"Node":0,"PAA":0,"Centroid":0,"Orientation":[0,0,0],"Position":[[8,8,2.5]]}
{"Node":1,"PAA":0,"Centroid":0,"Orientation":[0,0,0],"Position":[[1.3166597203455,3.67933282566522,1.6]]}
{"Node":2,"PAA":0,"Centroid":0,"Orientation":[0,0,0],"Position":[[4.2434886133032,2.86477904519505,1.6]]}
