{"TX":0,"PAA_TX":0,"RX":1,"PAA_RX":0,"Rorder":0,"MPC":[[0,-3.78,8,-20,-6,2],[0,-3.78,8,-30,-6,2],[0,-3.78,8,-40,-6,2],[0,-3.78,8,-50,-6,2],[0,-3.78,8,-60,-10,2],[0,-3.78,8,-60,-30,2],[0,-3.78,8,-50,-30,2],[0,-3.78,8,-40,-30,2],[0,-3.78,8,-30,-30,2],[0,-3.78,8,-20,-30,2],[0,-3.78,8,-10,-30,2],[0,-3.78,8,0,-30,2],[0,-3.78,8,10,-30,2],[0,-3.78,8,20,-30,2]]}
{"TX":0,"PAA_TX":0,"RX":1,"PAA_RX":0,"Rorder":1,"MPC":[[[-20,-6,2,-10.417857813967904,-31.849116428437206,4.876257455710852,0,-3.78,8],[-20,-6,2,-0.09980172769204998,-3.7687900198272311,7.9700588130458039,0,-3.78,8],[-20,-6,2,-16,-5.556,0,0,-3.78,8]],[[-30,-6,2,-15.624674538724541,-31.848075065092253,4.8761415821531111,0,-3.78,8],[-30,-6,2,-0.14963703366528947,-3.7687850362966335,7.9700721475015595,0,-3.78,8],[-30,-6,2,-24,-5.556,0,0,-3.78,8]],[[-40,-6,2,-20.831877565969922,-31.847033624486805,4.8760256999985163,0,-3.78,8],[-40,-6,2,-0.19942797059830752,-3.76878005720294,7.9700854700854711,0,-3.78,8],[-40,-6,2,-32,-5.556,0,0,-3.78,8]],[[-50,-6,2,-26.039466938696286,-31.845992106612261,4.87590980924611,0,-3.78,8],[-50,-6,2,-0.24917459771827311,-3.7687750825402277,7.9700987808133839,0,-3.78,8],[-50,-6,2,-40,-5.556,0,0,-3.78,8]],[[-60,-10,2,-33.750825900225337,-31.844449834819951,4.6254087324485482,0,-3.78,8],[-60,-10,2,-0.10754529618336051,-3.7687892454703809,7.9892452467831765,0,-3.78,8],[-60,-10,2,-48,-8.756,0,0,-3.78,8]],[[-60,-30,2,-0.025599321431883482,-3.768797440067857,7.9974398439523933,0,-3.78,8],[-60,-30,2,-48,-24.756,0,0,-3.78,8],[null,null,null,null,null,null,null,null,null]],[[-50,-30,2,-46.92303773273121,-31.841815392453448,2.369318409756489,0,-3.78,8],[-50,-30,2,-0.021333207514366848,-3.7687978666792503,7.9974397464129776,0,-3.78,8],[-50,-30,2,-40,-24.756,0,0,-3.78,8]],[[-40,-30,2,-37.53605943403538,-31.843692788113191,2.3696948626748329,0,-3.78,8],[-40,-30,2,-0.01706676851502209,-3.7687982933231474,7.99743964886613,0,-3.78,8],[-40,-30,2,-32,-24.756,0,0,-3.78,8]],[[-30,-30,2,-28.150336229976446,-31.845569932754003,2.3700712652591887,0,-3.78,8],[-30,-30,2,-0.01280000439668072,-3.768798719999559,7.9974395513118486,0,-3.78,8],[-30,-30,2,-24,-24.756,0,0,-3.78,8]],[[-20,-30,2,-18.765867868850819,-31.847446826426225,2.3704476175196536,0,-3.78,8],[-20,-30,2,-0.0085329151221849031,-3.7687991467084849,7.9974394537501325,0,-3.78,8],[-20,-30,2,-16,-24.756,0,0,-3.78,8]],[[-10,-30,2,-9.382654099022254,-31.849323469180195,2.3708239194663179,0,-3.78,8],[-10,-30,2,-0.0042655006543590446,-3.768799573449936,7.9974393561809825,0,-3.78,8],[-10,-30,2,-8,-24.756,0,0,-3.78,8]],[[0,-30,2,-0.000694668921762744,-31.851199861066217,2.371200171109269,0,-3.78,8],[0,-30,2,2.239043967488738E-6,-3.768800000223905,7.9974392586043956,0,-3.78,8],[0,-30,2,0,-24.756,0,0,-3.78,8]],[[10,-30,2,9.380010672952384,-31.853076002134586,2.3715763724585961,0,-3.78,8],[10,-30,2,0.0042703040099780765,-3.7688004270303992,7.9974391610203721,0,-3.78,8],[10,-30,2,8,-24.756,0,0,-3.78,8]],[[20,-30,2,18.759462178034685,-31.854951892435604,2.3719525235243806,0,-3.78,8],[20,-30,2,0.0085386942808582944,-3.7688008538694255,7.99743906342891,0,-3.78,8],[20,-30,2,16,-24.756,0,0,-3.78,8]]]}
{"TX":0,"PAA_TX":0,"RX":1,"PAA_RX":0,"Rorder":2,"MPC":[[[-20,-6,2,-10.421840210971476,-31.849115631957808,4.875063032052843,-0.0041527620548542643,-3.7687995847237943,7.9987541435610714,0,-3.78,8],[-20,-6,2,-19.2350324754643,-3.7668764967524537,2.2294902316565155,-9.6215425502499858,-31.84927569148995,5.1152217722565752,0,-3.78,8],[-20,-6,2,-15.999999552000004,-5.5515200000448,0,-0.09980172769204998,-3.7687900198272311,7.9500980217430062,0,-3.78,8],[-20,-6,2,-16.002245695910172,-16.784479550860816,0,-10.417857813967904,-31.849116428437206,2.7937624261847533,0,-3.78,8]],[[-30,-6,2,-15.6306476225397,-31.848073870475488,4.8749471623276008,-0.0062295358895418929,-3.7687993770464061,7.998754074264439,0,-3.78,8],[-30,-6,2,-28.852054602265763,-3.7659147945397735,2.2295890624033379,-14.429506166991478,-31.8483140987666,5.1152217722575646,0,-3.78,8],[-30,-6,2,-24.002245695910172,-16.784479550860816,0,-15.624674538724541,-31.848075065092253,2.7935693035885185,0,-3.78,8],[-30,-6,2,-23.999999552000006,-5.5515200000448,0,-0.14963703366528947,-3.7687850362966335,7.950120245835933,0,-3.78,8]],[[-40,-6,2,-20.839841323795962,-31.847032031735235,4.87483128400936,-0.0083065407643871936,-3.7687991693459253,7.998754004960098,0,-3.78,8],[-40,-6,2,-38.468747315812919,-3.764953125268419,2.2296878897648962,-19.237469783729683,-31.847352506043258,5.1152217722585522,0,-3.78,8],[-40,-6,2,-32.002245695910176,-16.784479550860816,0,-20.831877565969922,-31.847033624486805,2.7933761666641939,0,-3.78,8],[-40,-6,2,-31.999999552000006,-5.5515200000448,0,-0.19942797059830752,-3.76878005720294,7.9501424501424509,0,-3.78,8]],[[-50,-6,2,-26.049421357713246,-31.845990115728458,4.8747153970971624,-0.010383776717958426,-3.7687989616223234,7.9987539356480459,0,-3.78,8],[-50,-6,2,-48.085110633030617,-3.7639914889366968,2.2297867137413649,-24.045433400464578,-31.8463909133199,5.1152217722595417,0,-3.78,8],[-50,-6,2,-40.002245695910176,-16.784479550860816,0,-26.039466938696286,-31.845992106612261,2.7931830154101842,0,-3.78,8],[-50,-6,2,-39.999999552000006,-5.5515200000448,0,-0.24917459771827311,-3.7687750825402277,7.9501646346889743,0,-3.78,8]],[[-60,-10,2,-33.76260429569146,-31.844447479140857,4.6242309664070955,-0.013459425407376102,-3.7687986540574627,7.9986540294756363,0,-3.78,8],[-60,-10,2,-48.002245695910169,-19.984479550860812,0,-33.750825900225337,-31.844449834819951,2.3756812207475804,0,-3.78,8],[-60,-10,2,-47.999999552000006,-8.751520000044799,0,-0.10754529618336051,-3.7687892454703809,7.9820754113052939,0,-3.78,8],[null,null,null,null,null,null,null,null,null,null,null,null]],[[-60,-30,2,-40.893108451084245,-3.7647106891548923,3.9106890835556087,-20.449579855577433,-31.847110084028877,5.9556034738542172,0,-3.78,8],[-60,-30,2,-47.999999552000006,-24.7515200000448,0,-0.025599321431883482,-3.768797440067857,7.9957330732539891,0,-3.78,8],[null,null,null,null,null,null,null,null,null,null,null,null],[null,null,null,null,null,null,null,null,null,null,null,null]],[[-50,-30,2,-46.9253406152739,-31.841814931876939,2.36904205138893,-0.018708485599319147,-3.7687981291514383,7.9977547461003624,0,-3.78,8],[-50,-30,2,-46.92303773273121,-31.841815392453448,1.384469317072518,-40.00058918397643,-27.701919882163203,0,0,-3.78,8],[-50,-30,2,-34.078003871231459,-3.7653921996128759,3.9106394498512875,-17.042252380151815,-31.847791549523969,5.95560347385372,0,-3.78,8],[-50,-30,2,-39.999999552000006,-24.7515200000448,0,-0.021333207514366848,-3.7687978666792503,7.9957329106882966,0,-3.78,8]],[[-40,-30,2,-37.537903473997325,-31.8436924193052,2.3694182410918092,-0.014964895841885095,-3.7687985035104141,7.9977549711298135,0,-3.78,8],[-40,-30,2,-37.53605943403538,-31.843692788113191,1.3838418955419454,-32.000589823976405,-27.705119882035206,0,0,-3.78,8],[-40,-30,2,-27.26273385373004,-3.7660737266146249,3.9105898149421026,-13.634924904724542,-31.848473015019053,5.9556034738532233,0,-3.78,8],[-40,-30,2,-31.999999552000006,-24.7515200000448,0,-0.01706676851502209,-3.7687982933231474,7.9957327481102158,0,-3.78,8]],[[-30,-30,2,-28.151720549608697,-31.845569655890078,2.3697943805335271,-0.011222056408076497,-3.7687988777943566,7.9977551961141611,0,-3.78,8],[-30,-30,2,-28.150336229976446,-31.845569932754003,1.3832145579013522,-24.000590463976383,-27.708319881907205,0,0,-3.78,8],[-30,-30,2,-20.447298392555879,-3.7667552701607434,3.9105401788280076,-10.227597429295614,-31.849154480514144,5.9556034738527268,0,-3.78,8],[-30,-30,2,-23.999999552000006,-24.7515200000448,-2.2204460492503131E-16,-0.01280000439668072,-3.768798719999559,7.9957325855197467,0,-3.78,8]],[[-20,-30,2,-18.766791590768655,-31.847446641681842,2.3701704697241586,-0.0074799670723351142,-3.7687992520032907,7.99775542105342,0,-3.78,8],[-20,-30,2,-18.765867868850819,-31.847446826426225,1.3825873041339105,-16.000591103976355,-27.711519881779203,0,0,-3.78,8],[-20,-30,2,