{"TX":0,"RX":1,"PAA_TX":0,"PAA_RX":0,"Delay":[[4.34370548E-8,6.16373086E-8,4.54373819E-8,5.39140856E-8,6.8045594E-8,4.37841159E-8,6.04014119E-8,4.4441677E-8,6.80181529E-8,5.88232894E-8,6.75349625E-8,5.78259574E-8,6.69716442E-8,6.16594E-8,4.56275941E-8,5.54020936E-8,6.81490633E-8,4.4799144E-8,6.1996154E-8,4.67346695E-8,5.57158266E-8,6.88292303E-8,4.67149022E-8,6.21744292E-8,5.02765296E-8,5.702287E-8,6.89521542E-8,4.75936517E-8,6.22159462E-8,5.19729E-8,5.80019481E-8,6.98415548E-8,5.18349594E-8,6.22687E-8,5.2428355E-8,5.86468296E-8,7.05685252E-8,5.34880051E-8,6.30610799E-8,5.31194111E-8,5.97666272E-8,7.12270563E-8,5.49331425E-8,6.3278037E-8,5.65266056E-8,6.16427E-8,7.27676621E-8,5.54905775E-8,6.35578488E-8,5.66255736E-8,6.24836147E-8,7.28084828E-8,5.59658453E-8,6.36318092E-8,5.73524E-8,6.31570103E-8,7.39191393E-8,5.63317251E-8,6.37901252E-8,5.91469522E-8,6.31996357E-8,7.40488133E-8,5.64078029E-8,6.49981E-8,6.01003123E-8,6.57953478E-8,7.4863884E-8,5.80459059E-8,6.50645688E-8,6.14848901E-8,6.60572468E-8,7.5160969E-8,5.82021897E-8,6.51315375E-8,6.21525E-8,6.66480773E-8,7.52111831E-8,6.09098691E-8,6.55158843E-8,6.21530205E-8,6.71254412E-8,7.68220261E-8,6.1176479E-8,6.59710153E-8,6.2311166E-8,6.72754E-8,7.76688935E-8,6.29210533E-8,6.60650485E-8,6.4679341E-8,6.94711488E-8,7.7718795E-8,6.34506563E-8]],"Gain":[[-90.3044281,-103.276245,-97.7936096,-106.543198,-107.060104,-96.9760284,-113.366814,-117.547028,-122.951447,-118.225449,-123.005379,-122.197418,-138.096359,-108.200279,-102.388199,-114.880188,-113.974892,-104.720139,-115.787811,-105.652405,-113.364006,-115.22673,-110.451599,-118.633263,-116.604294,-112.923813,-116.014847,-112.74118,-117.4692,-120.20063,-129.893509,-118.579109,-122.434944,-120.425186,-117.178215,-125.881065,-119.55761,-120.373634,-130.53125,-115.771339,-126.609497,-123.000313,-123.864128,-136.080048,-119.08696,-132.271942,-126.974312,-124.793297,-142.635269,-123.17868,-129.664215,-125.659081,-118.526497,-141.330383,-123.917587,-126.707703,-130.019867,-120.123932,-145.18515,-129.370605,-130.728043,-131.047577,-118.94194,-163.123962,-131.537659,-137.099564,-132.090836,-133.086884,-165.734253,-133.0923,-140.039352,-133.41333,-130.809937,-167.369019,-129.229523,-138.47464,-133.507294,-128.30574,-171.599533,-129.133942,-149.478882,-137.463303,-131.119598,-179.185364,-128.15419,-144.393326,-139.86676,-133.539703,-179.566269,-136.327194,-142.544769,-141.2957,-138.996674]],"Phase":[[0,3.14159274,3.14159274,3.14159274,3.14159274,3.14159274,4.1832056,0.071133554,4.05269766,6.26523972,1.10277665,5.36067057,5.50662422,1.64227402,1.57945466,4.8158741,1.22498763,2.42709208,5.5008831,6.11499357,0.239697,4.9109869,2.50094914,5.65876913,1.24134719,5.40156603,2.81938577,6.03805113,5.26069117,0.439300567,4.49094057,2.47526908,3.21689463,5.51200151,5.90179,2.6681993,2.78856897,2.82353544,2.35429,3.43801427,6.08815098,2.03760815,0.188502207,5.87543154,3.61337972,1.04157352,2.15115213,3.99060416,5.73549795,4.81403399,5.06816292,2.43861151,2.55569291,5.66958904,4.23462105,1.66621614,2.27473688,2.19807911,2.09885716,5.43381786,5.07729483,4.50812149,5.54491854,0.912143052,3.04518151,5.98422432,1.71911395,3.61830568,2.4940145,0.418371588,3.66089511,3.58825159,0.260549903,1.2372694,2.70099449,5.86902666,3.32105494,2.18814063,5.12057829,4.9122715,3.33952475,4.06063843,0.0620979853,2.1241,1.13782299,2.82753301,3.86162949,4.3093214,4.74393606,5.93686342,4.55241156,4.36207294,4.6516633]],"AODEL":[[93.9603119,92.7897949,107.504471,93.1898193,92.5268784,81.7711945,90.7775,112.361702,103.702812,93.0964584,92.6570358,92.0131302,90.5368881,90.8311462,107.46019,99.8022156,90.1717,82.6298,92.9606705,107.672348,91.6918716,93.0903778,82.0244217,93.8692856,107.458176,93.2240677,91.2619,80.6158371,92.1920395,107.641411,93.4046402,91.9411545,81.6281738,92.0606308,107.24498,92.1521301,92.4114075,75.5149612,92.574234,107.475487,94.2546158,97.8304,80.6816406,84.8545914,107.511139,92.4893875,93.1929169,84.7562714,92.592804,107.778328,96.572464,89.4505615,79.6487,92.6691895,107.55265,93.0078735,94.2978745,80.1130219,92.1568,107.565941,93.240715,92.0355,82.8335648,95.3708496,107.212769,93.8433685,90.7033081,79.4957809,91.1212234,107.568794,92.88694,92.7895279,85.686409,97.2527771,107.498627,99.3077087,92.3215,82.5869904,92.1971741,107.399292,95.2051544,96.1989594,78.2236633,92.4613342,107.585144,94.5473404,91.4836426,82.4843292,94.6338577,107.497551,95.1670151,94.2841263,79.4491196]],"AODAZ":[[67.3801346,285.707092,67.3801346,47.9938,75.807991,67.3801346,286.053406,67.1952209,75.537056,285.69754,76.9812,286.249115,77.372139,285.936676,67.1027603,51.2341957,76.5909195,69.501976,280.864838,63.1636658,48.2806625,73.62677,64.0433578,284.818787,66.1058807,50.9410248,72.6645203,67.6506119,285.258972,67.0502701,48.0233803,76.1835861,65.223587,288.100159,67.4714584,44.495,73.6642609,71.9138794,285.735687,69.7395477,46.82304,72.4979477,67.489975,286.503235,71.9948959,48.2071495,75.5369186,68.0441132,289.131897,67.3037262,51.3285332,76.3794403,65.8134232,285.131073,67.6765,50.8550453,87.5380478,61.5936584,287.954376,70.2791443,47.1108856,81.5747,65.6887283,284.27359,68.3022766,54.7941399,71.810112,69.1394119,285.927307,68.2549286,41.1294,74.0548172,67.4680557,285.592102,69.806778,49.2023888,65.6442719,68.8044434,287.158447,67.4249878,61.4872742,69.5686111,70.5924,286.401855,68.8499908,47.9642715,75.5881195,66.840683,288.026886,66.9890289,47.7683449,73.6602173,66.3856888]],"AOAEL":[[86.0396881,87.2102051,107.504471,86.8101807,87.4731216,81.7711945,78.6474304,107.929703,89.1319809,87.1307602,87.533989,83.3272934,86.7959,84.6659393,107.005928,91.2736206,87.3336105,79.6551666,87.9446869,107.024551,87.9278717,86.7864685,79.5367508,87.2272415,106.373978,86.2910385,85.5314865,83.6191254,86.0681763,107.278412,85.190361,86.3390121,70.0191574,85.6400833,102.723602,80.0441284,87.9053955,83.2405,88.1695862,102.080643,101.398979,91.5518494,81.2449646,88.6865,104.121109,84.2834549,87.3089142,82.1431427,91.6592255,103.557495,88.8063583,88.0160217,80.6541595,82.7715,109.839668,86.7090225,89.1133194,76.8949127,87.0317459,107.016251,91.6905365,87.735817,81.3079147,87.9358368,106.829208,82.3538895,87.562645,79.8768768,89.5394,115.429855,80.6351166,89.9093323,82.1245346,94.7447,106.337738,87.8264694,83.9104233,92.1790924,88.1852722,107.859848,84.3358688,89.9140091,82.2811508,88.0992432,108.919785,91.8358307,83.5921326,81.9984741,88.4120941,113.867058,86.4825058,84.8533325,83.9709]],"AOAAZ":[[247.380142,254.292892,247.380142,312.006195,104.192009,247.380142,250.498627,243.819672,105.892319,254.414536,102.768158,252.968506,105.194992,253.48468,251.162491,311.581573,105.69561,248.436234,256.77771,249.336563,312.336334,111.953506,247.513611,252.77269,247.0896,311.9841,105.18718,247.213638,254.3134,248.746704,311.932037,106.37088,245.586227,265.972931,247.927795,313.576782,108.452415,252.611725,243.006973,245.661362,311.438232,113.766159,249.514236,255.101166,247.319672,315.52005,109.846764,247.05249,260.130951,249.080795,309.450287,103.55867,248.077576,257.593597,248.386093,309.954681,108.955872,249.387222,255.041779,246.224854,312.174347,99.2962341,234.691956,255.915283,246.782288,306.693939,94.0806,245.833435,254.707916,248.389755,309.701447,108.055359,245.26,253.438187,247.431503,314.434509,108.137856,244.61174,256.507111,246.795151,316.979614,108.110863,241.813766,259.878082,246.198456,309.726532,104.721535,247.854462,254.546478,253.779678,314.200653,105.705437,246.17395]]}
{"TX":1,"RX":0,"PAA_TX":0,"PAA_RX":0,