{"TX":0,"RX":1,"PAA_TX":0,"PAA_RX":0,"Delay":[[4.34370548E-8,6.16373086E-8,4.54373819E-8,5.39140856E-8,6.8045594E-8,4.37841159E-8,6.08441297E-8,4.39902479E-8,6.79514045E-8,4.237E-8,5.99537771E-8,4.35439738E-8,6.79205385E-8,4.19745341E-8,5.96394543E-8,4.14400851E-8,6.68871749E-8,4.1145114E-8,6.22068654E-8,4.85906284E-8,5.80605324E-8,6.83580339E-8,4.70389416E-8,6.26491641E-8,4.91529093E-8,5.89983067E-8,6.99533445E-8,4.72968651E-8,6.3431834E-8,5.63586617E-8,5.97255578E-8,7.00181531E-8,4.73946571E-8,6.42195559E-8,5.83571236E-8,5.98991221E-8,7.0242649E-8,4.84570499E-8,6.57826575E-8,6.08843962E-8,6.33411332E-8,7.02477081E-8,4.96291541E-8,6.60936479E-8,6.10920736E-8,6.48846239E-8,7.07730763E-8,5.11688505E-8,6.62960176E-8,6.12311624E-8,6.57807462E-8,7.27556682E-8,5.24809103E-8,6.65719853E-8,6.29620089E-8,6.7736643E-8,7.28616172E-8,5.26805373E-8,6.66974316E-8,6.46499E-8,6.80746339E-8,7.44752455E-8,5.30751E-8,6.68869404E-8,6.78441694E-8,6.81657184E-8,7.56288188E-8,5.33147144E-8,6.79103209E-8,6.81979415E-8,6.84218548E-8,7.71699931E-8,5.37793348E-8,6.80343391E-8,6.87617074E-8,6.88443649E-8,7.80776475E-8,5.39812888E-8,6.82049617E-8,7.42741761E-8,6.92882551E-8,7.88206336E-8,5.55871793E-8,6.8597771E-8,7.45788569E-8,7.24850224E-8,7.90116488E-8,5.61098936E-8,6.87462105E-8,7.5200191E-8,7.31576293E-8,7.99599604E-8,5.70077923E-8,6.90798956E-8,7.91271475E-8,7.49617044E-8,8.02571E-8,5.73280126E-8]],"Gain":[[-90.3044281,-95.8919144,-102.151466,-101.027008,-98.5013809,-98.7036667,-104.359756,-111.425484,-103.11837,-116.463554,-105.09774,-113.937813,-103.883514,-114.909828,-105.166481,-120.952225,-112.03064,-115.934509,-107.366974,-119.796936,-174.170395,-103.941727,-136.477631,-111.428116,-121.339294,-191.676132,-109.090652,-132.414444,-114.636635,-140.919495,-203.700089,-109.137444,-131.290512,-117.181747,-148.645279,-206.28389,-109.359276,-138.500214,-122.333229,-150.403,-263.563171,-110.296898,-155.364304,-122.859093,-150.66011,-290.397888,-111.571907,-157.375549,-124.539703,-154.767838,-305.476959,-117.72406,-155.118698,-126.900154,-157.002884,-336.278046,-117.726692,-164.618607,-125.43856,-163.539749,-344.222778,-122.739235,-163.03186,-127.94838,-168.626114,-343.897644,-126.976395,-167.94664,-132.960587,-175.869125,-348.191589,-131.686707,-171.889694,-133.377823,-170.495758,-356.501434,-133.818451,-164.535736,-131.392685,-190.769852,-363.750397,-136.620728,-187.85,-134.948944,-190.010391,-418.896301,-136.647141,-187.131516,-134.594406,-195.983719,-426.921722,-139.450119,-188.495499,-135.044983,-195.750443,-458.802856,-140.418121,-189.33699]],"Phase":[[0,3.14159274,3.14159274,3.14159274,3.14159274,3.14159274,0.330399096,1.16746199,2.82568026,4.21550846,4.75758266,2.93717909,0.125497177,0.9960531,2.95909929,2.41924572,1.4489789,4.66984797,5.86430073,4.54680729,3.90861368,3.54426527,1.50034904,4.69459724,0.79383558,4.50734091,5.82923794,1.59862137,2.49409866,5.56436777,0.115471005,1.44533753,1.78123,2.94414449,2.18676472,3.54987025,0.738853395,2.00110793,5.14838743,5.91473389,5.21595573,5.53800106,5.71056461,0.837193191,0.676897764,5.30872154,5.32622766,2.06700158,0.634443343,3.47234869,3.18670869,0.238817453,3.63240695,0.0779871941,5.79937363,3.74757576,0.978061199,3.15656352,4.9084878,0.752975225,3.66187429,2.95807219,1.9194665,4.48285103,5.22968912,0.999406755,5.81068754,6.04260349,2.63503432,6.02414799,4.31236124,0.103905842,3.4843483,4.73430729,2.8093977,4.16537046,2.03620934,5.84140778,3.44355321,4.1209383,0.423084289,2.0383203,5.02059364,4.7006464,0.570622146,6.16706944,2.4047718,4.92999649,1.94166052,4.86322737,3.61906,3.96946144,1.44671333,1.51803362,2.80234,0.572639525,0.41926229,3.75447917]],"AODEL":[[93.9603119,92.7897949,107.504471,93.1898193,92.5268784,81.7711945,95.2838211,107.647949,91.9003906,81.6225586,91.4162903,109.638435,92.6723251,82.0524063,94.1745911,105.731964,91.0192871,83.527504,93.0835342,102.907303,92.4754715,93.0851364,81.435524,92.9014816,107.30481,92.1336746,96.9378357,81.2669754,92.8706589,103.829,85.1453094,94.4091187,85.8413086,93.0517044,108.663803,106.159454,93.39254,79.1207657,93.5375,109.77681,100.647232,95.5870514,90.7575455,92.9403534,109.025505,107.269135,85.336319,85.879776,93.0614,101.568947,90.2887344,94.0676,80.0244064,92.3604431,105.133736,96.0729752,81.5181503,81.4059067,93.7255,107.895592,94.1144867,95.589447,78.9358139,92.8964462,110.218613,90.8236618,94.2045135,81.1197433,92.6562195,107.850121,81.2042465,93.0327911,80.5107803,92.843,109.014641,92.7885361,92.8323212,80.8603821,92.7136612,103.082932,92.3737411,93.9154,77.4840393,92.8556213,105.161713,95.1241302,92.342865,81.6632843,93.1367874,107.495865,92.9576797,88.6484,78.7443771,92.8025589,110.206589,94.1412125,77.8064117,79.7601852]],"AODAZ":[[67.3801346,285.707092,67.3801346,47.9938,75.807991,67.3801346,285.545929,67.2722244,75.8822556,69.6090851,286.107788,66.4946671,74.9723,68.5711746,285.858307,65.5872803,78.6122437,69.8421555,289.666199,67.1125717,48.0400543,76.0207291,67.0822067,284.341278,67.1355133,48.7540703,73.1867371,67.6381531,289.040283,68.4975739,47.5151176,76.7892761,65.6779327,279.955475,67.5315628,47.6874962,74.8108521,67.709404,288.691559,68.1405411,52.7442284,75.8547516,69.6149063,286.555786,66.6593,50.6878891,78.7780914,67.9443359,284.329376,67.3568115,46.5119553,74.6994,69.570694,285.139923,68.1587601,47.5016708,72.8525085,67.0320435,285.552765,68.3193741,49.4262123,76.7958069,67.1156082,286.527161,67.4689255,50.2527275,74.2175751,66.986084,283.879944,67.4215088,48.2684708,77.6425705,67.9235916,283.454803,67.8420105,48.5652504,75.8682938,64.1928406,285.329193,67.6724854,47.3890343,74.0947952,69.7438049,289.784515,67.0847397,48.4701195,76.2413635,77.4762,286.30014,68.0798111,50.6023293,76.0628128,67.1216278,286.756592,67.1980896,47.2376404,78.0609512,67.1357193]],"AOAEL":[[86.0396881,87.2102051,107.504471,86.8101807,87.4731216,81.7711945,86.7502289,109.050812,92.036026,81.7062759,88.0501,106.464241,85.8933716,81.2885,88.3410492,108.664101,87.2339478,80.0157471,85.462616,107.329735,87.1381073,86.3623,81.1343079,90.6562805,104.298058,87.5297928,87.3361816,79.4041519,88.3681946,110.209114,87.0274887,97.8224792,82.9935608,90.6523285,108.424347,85.6685638,87.4382706,81.2489,80.4279327,105.759903,87.5751877,93.0088806,78.7069321,87.3793106,103.756187,91.5333405,92.0147705,81.9785614,79.0040512,110.042603,85.7413177,88.2396393,81.707016,85.3854904,104.103409,80.6901245,85.6632538,81.5528717,83.9614868,108.761833,86.7627945,85.221962,78.7606,87.6887054,107.573311,78.3999634,88.2538,81.5579071,90.0060883,108.336815,87.3122406,85.9782715,80.2472229,83.2344055,113.221069,72.3832779,92.0130234,83.3615646,87.319664,106.360069,89.0027847,87.8576126,82.1069412,90.2278671,108.896774,86.1742477,93.7772903,80.6594696,90.7337723,108.146133,79.2974167,88.3397827,81.9803543,88.5869827,106.309113,88.0132217,82.1141281,82.5228806]],"AOAAZ":[[247.380142,254.292892,247.380142,312.006195,104.192009,247.380142,255.947586,244.270187,104.643326,251.155472,254.915131,245.463928,100.195427,251.659134,254.481842,247.8992,103.905815,245.449936,254.684708,245.531754,307.578461,99.4457703,248.051392,250.729111,244.194519,312.731628,101.287735,248.70549,255.144684,248.865097,309.854065,104.505493,247.46756,250.99617,247.904648,313.015717,100.089828,246.587051,254.698563,242.86203,316.713745,103.565674,248.891037,254.549805,246.862427,312.508514,103.511955,248.596115,254.539444,243.437119,311.314117,104.165245,247.351471,258.511536,246.114609,310.891388,103.899,246.635,251.410568,248.869751,312.194794,105.565475,246.940094,254.607056,248.133194,313.876526,101.186516,246.057587,255.952179,245.292801,312.322296,105.891838,247.908646,253.47905,246.796921,307.012451,103.58989,247.280579,254.799423,248.474487,314.033203,102.228737,246.963089,253.412109,249.446609,315.713501,103.49575,248.071762,253.749954,246.630875,313.137,104.925545,245.978668,257.555817,251.796371,312.027222,100.875511,249.097443]]}
{"TX":1,"RX":0,"PAA_TX":0,"PAA_RX":0,