{"TX":0,"PAA_TX":0,"RX":1,"PAA_RX":0,"Rorder":0,"MPC":[[283.27,178.2,4,287.33,179.2,4]]}
{"TX":0,"PAA_TX":0,"RX":1,"PAA_RX":0,"Rorder":1,"MPC":[[[287.33,179.2,4,285.29999999999995,178.7,0.50049999999999972,283.27,178.2,4],[287.33,179.2,4,286.63357176736218,183.87353591354278,4,283.27,178.2,4],[287.33,179.2,4,288.31703724204056,178.69351326312193,4,283.27,178.2,4],[287.33,179.2,4,281.90402780464336,178.88790558112419,4,283.27,178.2,4],[287.33,179.2,4,283.3281925031032,170.80767042135551,4,283.27,178.2,4]]]}
