{"TX":0,"PAA_TX":0,"RX":1,"PAA_RX":0,"Rorder":0,"MPC":[[2,3,2.5,7,15,1.6]]}
{"TX":0,"PAA_TX":0,"RX":1,"PAA_RX":0,"Rorder":1,"MPC":[[[7,15,1.6,2.8126729510225204,0.11020000000000074,2.3537188688159465,2,3,2.5],[7,15,1.6,5.0487804878048781,10.317073170731707,0,2,3,2.5],[7,15,1.6,9.9036,11.77592715967133,1.8418054630246503,2,3,2.5],[7,15,1.6,6.0173432331549614,18.8857,1.776878218032107,2,3,2.5],[7,15,1.6,3.3031914893617018,6.1276595744680851,2.99,2,3,2.5]]]}
