{"TX":0,"PAA_TX":0,"RX":1,"PAA_RX":0,"Rorder":0,"MPC":[[0,3,1.6,2.85,0,1.5]]}
{"TX":0,"PAA_TX":0,"RX":1,"PAA_RX":0,"Rorder":1,"MPC":[[[2.85,0,1.5,2.8952,0.046116174670112815,1.5015372058223371,0,3,1.6],[2.85,0,1.5,0.31339773259139836,3.4229,1.5890035883301263,0,3,1.6],[2.85,0,1.5,1.8575872257751156,-3.4411999999999994,1.5348215008499959,0,3,1.6],[2.85,0,1.5,-3.9860000000000007,1.8950286453520606,1.5631676215117354,0,3,1.6],[2.85,0,1.5,1.3758620689655172,1.5517241379310347,3,0,3,1.6]]]}
{"TX":0,"PAA_TX":0,"RX":1,"PAA_RX":0,"Rorder":2,"MPC":[[[2.85,0,1.5,2.8952,0.059117861515439955,1.5015372058223371,0.32333848874096427,3.4229,1.5890035883301263,0,3,1.6],[2.85,0,1.5,2.8952,-0.15191282818664095,1.5015372058223371,1.9165085890067191,-3.4411999999999994,1.5348215008499959,0,3,1.6],[2.85,0,1.5,2.8952,0.012426230710017935,1.500414207690334,-3.9859999999999998,1.904182398005938,1.5634727466001981,0,3,1.6],[2.85,0,1.5,2.8952,0.046116174670112822,1.5445789688477758,1.4195034482758619,1.5517241379310347,3,0,3,1.6],[2.85,0,1.5,2.2668371372891287,3.4229,1.5204618548319604,1.0973936227448262,-3.4412000000000003,1.5614949606054447,0,3,1.6],[2.85,0,1.5,1.9358280046978993,-3.4412,1.5320762103614773,0.11234550064316506,3.4229000000000003,1.5960580526090118,0,3,1.6],[2.85,0,1.5,1.8575872257751156,-3.4412,2.5098235246498826,1.3758620689655172,-1.7708137931034473,3,0,3,1.6],[2.85,0,1.5,-0.91838282198656174,-3.4412,1.5348215008499959,-3.9860000000000007,-0.63992297172426493,1.5631676215117354,0,3,1.6],[2.85,0,1.5,-3.9860000000000015,2.4293003880983179,1.5631676215117354,-1.190031670913724,3.4229,1.5890035883301263,0,3,1.6],[2.85,0,1.5,-3.9860000000000007,1.2176556506869651,1.5405885216895656,3.0100999999999996,2.4638289534621372,1.5821276317820714,0,3,1.6],[2.85,0,1.5,2.1254237288135593,0.76271186440677963,0,0.6762711864406783,2.2881355932203391,3,0,3,1.6],[2.85,0,1.5,1.4709677419354841,1.4516129032258063,3,0.09193548387096806,2.9032258064516125,1.5,0,3,1.6],[2.85,0,1.5,1.3758620689655172,1.989206896551724,3,0.31339773259139836,3.4229,1.9188959384263353,0,3,1.6],[2.85,0,1.5,-2.747586206896552,1.5517241379310345,3,-3.9860000000000007,1.8950286453520606,2.6681389761596748,0,3,1.6]]]}
